{
  "properties": {
    "connectionReferences": {},
    "definition": {
      "$schema": "https://schema.management.azure.com/providers/Microsoft.Logic/schemas/2016-06-01/workflowdefinition.json#",
      "contentVersion": "1.0.0.0",
      "parameters": {
        "$authentication": {
          "defaultValue": {},
          "type": "SecureObject"
        }
      },
      "triggers": {
        "manual": {
          "metadata": {
            "operationMetadataId": "95837144-48d5-44dd-a520-96c070dbe6ca"
          },
          "type": "Request",
          "kind": "Http",
          "inputs": {
            "triggerAuthenticationType": "All"
          }
        }
      },
      "actions": {
        "Compose": {
          "runAfter": {},
          "metadata": {
            "operationMetadataId": "e03357b3-5d46-4543-be26-8f82cf6a1bfa"
          },
          "type": "Compose",
          "inputs": "@triggerBody()"
        }
      }
    },
    "templateName": null
  },
  "schemaVersion": "1.0.0.0"
}