<ImportExportXml version="9.2.24053.162" SolutionPackageVersion="9.2" languagecode="1033" generatedBy="CrmLive" xmlns:xsi="http://www.w3.org/2001/XMLSchema-instance">
  <SolutionManifest>
    <UniqueName>MondettoMixingOrderMicroservices</UniqueName>
    <LocalizedNames>
      <LocalizedName description="Mondetto Mixing Order Services" languagecode="1033" />
    </LocalizedNames>
    <Descriptions />
    <Version>1.0.0.4</Version>
    <Managed>0</Managed>
    <Publisher>
      <UniqueName>DefaultPublisherorg0c29b00f</UniqueName>
      <LocalizedNames>
        <LocalizedName description="Default Publisher for org0c29b00f" languagecode="1033" />
      </LocalizedNames>
      <Descriptions>
        <Description description="Default publisher for this organization" languagecode="1033" />
      </Descriptions>
      <EMailAddress xsi:nil="true"></EMailAddress>
      <SupportingWebsiteUrl xsi:nil="true"></SupportingWebsiteUrl>
      <CustomizationPrefix>new</CustomizationPrefix>
      <CustomizationOptionValuePrefix>10000</CustomizationOptionValuePrefix>
      <Addresses>
        <Address>
          <AddressNumber>1</AddressNumber>
          <AddressTypeCode xsi:nil="true"></AddressTypeCode>
          <City xsi:nil="true"></City>
          <County xsi:nil="true"></County>
          <Country xsi:nil="true"></Country>
          <Fax xsi:nil="true"></Fax>
          <FreightTermsCode xsi:nil="true"></FreightTermsCode>
          <ImportSequenceNumber xsi:nil="true"></ImportSequenceNumber>
          <Latitude xsi:nil="true"></Latitude>
          <Line1 xsi:nil="true"></Line1>
          <Line2 xsi:nil="true"></Line2>
          <Line3 xsi:nil="true"></Line3>
          <Longitude xsi:nil="true"></Longitude>
          <Name xsi:nil="true"></Name>
          <PostalCode xsi:nil="true"></PostalCode>
          <PostOfficeBox xsi:nil="true"></PostOfficeBox>
          <PrimaryContactName xsi:nil="true"></PrimaryContactName>
          <ShippingMethodCode xsi:nil="true"></ShippingMethodCode>
          <StateOrProvince xsi:nil="true"></StateOrProvince>
          <Telephone1 xsi:nil="true"></Telephone1>
          <Telephone2 xsi:nil="true"></Telephone2>
          <Telephone3 xsi:nil="true"></Telephone3>
          <TimeZoneRuleVersionNumber xsi:nil="true"></TimeZoneRuleVersionNumber>
          <UPSZone xsi:nil="true"></UPSZone>
          <UTCOffset xsi:nil="true"></UTCOffset>
          <UTCConversionTimeZoneCode xsi:nil="true"></UTCConversionTimeZoneCode>
        </Address>
        <Address>
          <AddressNumber>2</AddressNumber>
          <AddressTypeCode xsi:nil="true"></AddressTypeCode>
          <City xsi:nil="true"></City>
          <County xsi:nil="true"></County>
          <Country xsi:nil="true"></Country>
          <Fax xsi:nil="true"></Fax>
          <FreightTermsCode xsi:nil="true"></FreightTermsCode>
          <ImportSequenceNumber xsi:nil="true"></ImportSequenceNumber>
          <Latitude xsi:nil="true"></Latitude>
          <Line1 xsi:nil="true"></Line1>
          <Line2 xsi:nil="true"></Line2>
          <Line3 xsi:nil="true"></Line3>
          <Longitude xsi:nil="true"></Longitude>
          <Name xsi:nil="true"></Name>
          <PostalCode xsi:nil="true"></PostalCode>
          <PostOfficeBox xsi:nil="true"></PostOfficeBox>
          <PrimaryContactName xsi:nil="true"></PrimaryContactName>
          <ShippingMethodCode xsi:nil="true"></ShippingMethodCode>
          <StateOrProvince xsi:nil="true"></StateOrProvince>
          <Telephone1 xsi:nil="true"></Telephone1>
          <Telephone2 xsi:nil="true"></Telephone2>
          <Telephone3 xsi:nil="true"></Telephone3>
          <TimeZoneRuleVersionNumber xsi:nil="true"></TimeZoneRuleVersionNumber>
          <UPSZone xsi:nil="true"></UPSZone>
          <UTCOffset xsi:nil="true"></UTCOffset>
          <UTCConversionTimeZoneCode xsi:nil="true"></UTCConversionTimeZoneCode>
        </Address>
      </Addresses>
    </Publisher>
    <RootComponents>
      <RootComponent type="29" id="{0ac4a5fa-d81c-ef11-840b-00224860decf}" behavior="0" />
      <RootComponent type="29" id="{2adb13cd-6420-ef11-840b-00224860decf}" behavior="0" />
      <RootComponent type="29" id="{2fa43c8a-cc1e-ef11-840b-00224860decf}" behavior="0" />
      <RootComponent type="29" id="{3bc8a718-0d1e-ef11-840b-00224860decf}" behavior="0" />
      <RootComponent type="29" id="{3d21741d-d31c-ef11-840b-00224860decf}" behavior="0" />
      <RootComponent type="29" id="{51076b16-9e1b-ef11-840b-00224860decf}" behavior="0" />
      <RootComponent type="29" id="{539d3b40-fe1d-ef11-840b-00224860decf}" behavior="0" />
      <RootComponent type="29" id="{5df15b00-d21c-ef11-840b-00224860decf}" behavior="0" />
      <RootComponent type="29" id="{7eebb68d-d81c-ef11-840b-00224860decf}" behavior="0" />
      <RootComponent type="29" id="{af780204-ad1b-ef11-840b-00224860decf}" behavior="0" />
      <RootComponent type="29" id="{cd88e5df-111e-ef11-840b-00224860decf}" behavior="0" />
      <RootComponent type="29" id="{d2b8ba99-0920-ef11-840b-00224860decf}" behavior="0" />
      <RootComponent type="29" id="{e61f19c2-1f20-ef11-840b-00224860decf}" behavior="0" />
      <RootComponent type="29" id="{f26f4355-2820-ef11-840b-00224860decf}" behavior="0" />
      <RootComponent type="29" id="{f92edef4-091d-ef11-840b-00224860decf}" behavior="0" />
    </RootComponents>
    <MissingDependencies />
  </SolutionManifest>
</ImportExportXml>